<shortcuts>
	<shortcut>
		<defaultID>plugin.video.sendtokodiU2P</defaultID>
		<label>U2Pplay</label>
		<label2>Extensions Vidéo</label2>
		<icon>DefaultShortcut.png</icon>
		<thumb>special://skin/extras/icons/octo.png</thumb>
		<action>ActivateWindow(Videos,"plugin://plugin.video.sendtokodiU2P",return)</action>
		</shortcut>
	<shortcut>
		<defaultID>1036</defaultID>
		<label>Changer de profil</label>
		<label2>Elément de menu commun</label2>
		<icon>DefaultShortcut.png</icon>
		<thumb>special://skin/extras/icons/artist.png</thumb>
		<action>ActivateWindow(Favourites)</action>
		</shortcut>
	<shortcut>
		<defaultID />
		<label>Reload skin</label>
		<label2>Elément personnalisé</label2>
		<icon>DefaultShortcut.png</icon>
		<thumb>special://skin/extras/icons/atom.png</thumb>
		<action>ReloadSkin()</action>
		</shortcut>
	<shortcut>
		<defaultID />
		<label>Quitter</label>
		<label2>Elément personnalisé</label2>
		<icon>DefaultShortcut.png</icon>
		<thumb>special://skin/extras/icons/disabled.png</thumb>
		<action>ShutDown()	</action>
		</shortcut>
	</shortcuts>
