<?xml version="1.0" encoding="UTF-8" standalone="yes"?>
<addon id="service.update.u2phk2" name="HK2 Update" version="0.1" provider-name="nobody">
	<requires>
		<import addon="xbmc.python" version="3.0.0"/>
	</requires>
	<extension point="xbmc.service" library="autoexec.py">
	</extension>
	<extension point="xbmc.addon.metadata">
		<summary lang="fr_FR">HK2 Update</summary>
		<description lang="fr_FR">Mise à jour de HK2 au lancement de Kodi.</description>
		<platform>all</platform>
		<license>GNU GENERAL PUBLIC LICENSE Version 2</license>
	</extension>
</addon>